Makespan,TEC,Pareto,Execution Time
74424,12522.48,True,74.09211874008179
72453,20830.56,True,74.09211874008179
68251,23329.32,True,74.09211874008179
64760,24056.68,True,74.09211874008179
63251,24442.08,True,74.09211874008179
61593,25623.64,True,74.09211874008179
30396,27877.16,True,74.09211874008179
29243,30198.0,True,74.09211874008179
25404,30231.52,True,74.09211874008179
25225,30470.76,True,74.09211874008179
22167,31967.92,True,74.09211874008179
21196,32276.92,True,74.09211874008179
